character,dialogue
SKYLER,im sorry gave time really
GUS,dont think youre ready
SKYLER,okay
SKYLER,walt mastercards one dont use
WALT,he picture saved life owed done exactly wanted isnt
JESSE,every cent earns every cent wife earns mine place go anywhere turn im gon na grabbing share hell scrubbing toilet tijuana penny ill standing get cut hell see wake morning crawl sleep whatever rat hole left shred house haunt crusty as forever day stick gun mouth pull trigger get head thats happens next
WALT,nothing im fine
WALT,really
SKYLER,get
JESSE,ever like wild animal trapped house
JESSE,nothing
SAUL,really think he serious
SKYLER,dont know hell im anymore yknow
HANK,
HANK,hi uh mr ortega
JESSE,yeah
JESSE,point onefour thats like
MARIE,ill go find somebody
JESSE,long think youve got
HANK,made mistake watching jeopardy dude one time
SKYLER,dont tell amir sending home five
JESSE,right thats
HANK,ask im im know deadend potentially uh im working case uh
MARIE,well flynn look like hold fort bout go office
HANK,meth lab nasty good day mix stuff wrong wind mustard gas
WALT,five night week two hour notice
WALT,ill im gon na need help mean theyre watching day night never leave alone gale moment hell dont even know man life he phone book cant find internet
SKYLER,walt
JESSE,mr white
WALT,many bedroom
WALT,teklaiymeawrehyyou going
MARIE,best physical therapist know
MARIE,midlife crisis
WALT,help
JESSE,uh oh right look look
SKYLER,um thinking maybe car wash
WALT,amir talked inside till six
WALT JR,im taking bus
HANK,want beg
JESSE,im close
SKYLER,need help right elliott help u money nothing world would take
JESSE,acting like skippy little bitch like fun game shit shit take serious
MARIE,say
MARIE,ookay
JESSE,duh yeah like im idiot
JESSE,crap get left behind
SKYLER,wow look size basket got many goody look chocolatecovered pretzel uh cheese stick fancy designer olive
WALT JR,got ta treat like
SKYLER,killed
WALT,well uh think get dont mean think saw coming see unhappiness
SKYLER,im talk hank know whats gon na happen pinkman press charge
SAUL,name
GUS,option b
MARIE,he going steve gomez going place
WALT,ive got money ive got money know spend dont family ive got put life back together somehow
HANK,asshole
WALT,yeahyeah
GUS,food satisfaction
JESSE,pheromone supposed kick as bet catch mofo second
WALT,
SKYLER,turn
SAUL,hell welcome pleasure im gon na call skyler thats okay lovely name reminds big beautiful sky walt never told lucky lucky prior recent unfortunate event
SKYLER,yes
HANK,good
JESSE,know dude want sell
JESSE,dont even know
WALT,eighty million let drive away
WALT,well wrote wrong thats said said eighty five always eightyfive seventyfive ninetyfive eightyfive
JESSE,right need sign something something
SKYLER,yeah okay well talk later
MARIE,work
JESSE,dont know youre talking
MARIE,hey get leg high say go
MARIE,know love little pookums leave next eighteen year far im concerned
WALT,legal business
WALT,erlenmeyer flask wouldnt cook one
JESSE,okay okay wan na see
MARIE,gon na tell
WALT,ill tell think ploy ploy get cooking obvious one
JESSE,disease discovery channel intestine sorta slip right outta butt
JESSE,um crystal think could hook
HANK,cheer people still got j lo
MIKE,professional courtesy one know im understand
JESSE,long think youve awake
MARIE,get well best wish ted beneke folk beneke fabricator
JESSE,hey mr white
WALT,wan na stay
HANK,listen uh
MARIE,wondering feel
SKYLER,jesus
JESSE,figure could use coffee know could
JESSE,watch yo cook watch
GUS,good suggest add monday maintenance schedule
SAUL,clearly taste woman taste lawyer best right amount dirty
JESSE,please dumbass
HANK,attacked
JESSE,hey dress like faggot want
SAUL,plus got bumper boat
MARIE,know mean
JESSE,nothing change walk outta get new rv go start cooking
HANK,im gon na head back
HANK,upon hearing news left mr pinkman vehicle attend wife arriving hospital learned emergency call hoax wife fortunately unharmed
WALT,let get tray ready clean moisture
WALT,whatever whatever alright he multimillionaire whats gon na say sorry bad youre
JESSE,one dude whore actually doin work aint gettin fisted
WALT,red phosphorus heat applied oxidizes yield carbonyl chloride phosgene gas one good whiff
SAUL,send
MARIE,prying oh thats
SKYLER,thats thats go keep going keep going keep going keep
SKYLER,um marie ted bos
WALT JR,damn tv doesadd ten pound
JESSE,yeah like working
SKYLER,dont want die thats whole point thats asked
SAUL,huh right else gon na find cashonly business thats much fun unless talking massage parlor uh dont see
SAUL,lady jessesan he full treatment
WALT JR,hey check see mean check date next thursday officially six month ive learner mean
JESSE,yeah im done using
MIKE,apd known sit place keep eye coming goinga
WALT JR,think id good either old iroc stang
SKYLER,walt
HANK,listen hate bother uh quick question
GUS,push came shove wondering soon might able take lab uh assistant
HANK,old man back teaching
WALT JR,yeah
SKYLER,walt wheres holly
JESSE,whoa
SKYLER,enough
MARIE,hank get stronger every day dont need hospital
SAUL,thats simple walt came great story gambling winning blackjack right cardcounting system
MARIE,jesus got ta get back
WALT,wwhat showed secret every cook got recipe taught mine
MIKE,walter youve busy
MARIE,walter jr know
HANK,hour right im hurting could use med
WALT JR,im asking question wwhy got ta like cant talk even
GUS,sit
SKYLER,wow suddenly fantasy story
HANK,marie
HANK,yeah still less three
MARIE,chrysanthemum look like chrysanthemum look hank arent beautiful
WALT,walt please call walt
JESSE,yeah im gon na im gon na make count alright
JESSE,come
WALT,listen brotherinlaw surveilling jesses house understand
WALT,whats matter chief trouble walking stand dont retard stand walk
JESSE,say sell street maybe know whole new market
SKYLER,he quiet
WALT,okay
WALT,edge ive got long dont know youre town need track get address ill rest
WALT,married skyler divorced
JESSE,started scratch made another another end semester like box number five built thing
WALT,permission
SKYLER,tomorrow
HANK,hey baby
HANK,convinced mr pinkman involved manufacturing distribution phenyl methamphetamine specifically calling blue meth tracked scrap yard stored early camper rv waiting warrant search vehicle believed rolling meth lab received phone call telling wife marie injured accident
WALT,watched jane die
MARIE,cant arrest make tell
HANK,yes sir
WALT,yeah ill mow jpls got exhibit mar rover photograph supposed detail really amazing really beautiful
JESSE,cant see accomplishes there way explain
WALT JR,sorry uncle hank wont try buy beer okay
SKYLER,didnt count itsits heavy bag keep
MARIE,holy mary mother god
WALT,oh yeah better
JESSE,right
JESSE,free
WALT JR,whatcha lately havent seen
SKYLER,sizzlelean need think cholesterol
WALT,gon na okay
HANK,may ask
WALT,going go everything going fine
SAUL,well one look place youre gon na fall love
MIKE,car get fixed
SKYLER,okay estranged husband working made forty three thousand dollar year start shoveling money police come im supposed say gee uh never thought officer made sense really mind plausible deniability
WALT,okay
HANK,arabian jesus camel horse towelhead towelhead youre missing
HANK,cool man cool
WALT,take drive somewhere almost four u
JESSE,yeah youre one sitting right telling u thus happy forgive blahblah
WALT JR,need leave
MARIE,arguing backing either
WALT JR,sure
JESSE,
WALT,im actually uh
WALT,name
JESSE,um dunno
JESSE,got game laker girl titty like pine cone yo ill show trick move hit xbutton simultaneous
MARIE,knock knock
SKYLER,yep
HANK,oh yeah
JESSE,nah nah nah shake n bake wheres selfrespect come
JESSE,never alone nothing one alright gone get whywhy would get even care long get want right
SKYLER,flynn im taking school
WALT,hows yield
JESSE,yo sposed like major league equipment maintainer guy
HANK,huh know rv
SKYLER,would please
WALT JR,whats thisevenmade
SKYLER,oh think holly
WALT,yeah
HANK,dont get gag jagoff
HANK,marie im working alright
WALT,frontrunner sure
WALT,oh hey
WALT,fine really guy
WALT,negligible ballparking id say quarter half pound shy
HANK,hope go without saying
WALT,ah kjeldahlstyle recovery flask milliliter nice got griffin beaker got volumetric check pice de rsistance round bottom boiling flask milliliter
MIKE,employer would find like always pinkman arrested hed take problem
SKYLER,really need quick easy quick know something like
WALT JR,shittin right
MARIE,flynn mother telling truth right believe
WALT,complicated
SKYLER,oh god
JESSE,bought two guy killed combo
WALT,would
SKYLER,cant sell long
SAUL,free oh lady cover ear
JESSE,know okay put hot dog huh pig lip asshole say bitch cause love hot dog uh know see im
SKYLER,minute
MIKE,oh youre never old balloon
JESSE,like uh one fly singular
JESSE,whats point outlaw got responsibility
MIKE,youre gon na wan na get car fixed
JESSE,firecracker um know firecracker trick firecracker
GUS,werent bad decision man walter
WALT,im complaining
WALT,oncologist
GUS,wwould slice garlic thin
WALT,made series bad decision make another one
SAUL,okay whats plan b
JESSE,youre late
MIKE,say im looking pinkman know dont pretending otherwise waste time serf annoy
WALT,wan na wan na start
WALT,growth decay transformation fascinating really
SKYLER,thought anymore discussed
WALT,oh ill get
MARIE,youre sure okay drink
WALT,nontoxic glue strip
JESSE,bullshit bullshit krazy kick punk as even thinking next time talk emilio tell
SKYLER,ohhhkay um guy know tax code regulation new mexico cause there specific paperwork submitted quarterly
SKYLER,dont worry baby tonight
JESSE,
WALT,im late go
MIKE,bye baby
SKYLER,contact pinkman get drop charge
WALT JR,oh yeah thats great
SAUL,buy place got big building squirt water got danny
JESSE,knock
WALT,he coming
MARIE,cheese stick
JESSE,happens ill tell happens scumbag brotherinlaw finished done understand
WALT,ive listened everything say appreciate much thought youve put situation dont think ive gone head thousand time weighed option
JESSE,know he first use kid cause hey easy control easy fool get juvie ever get caught heart mind right get em young theyre forever
MIKE,whoa good right
JESSE,hell happened
SKYLER,walt
MARIE,good
WALT,ah well uh
JESSE,didnt hit
JESSE,
WALT,moved
SAUL,ever actually play laser tag know good cardio plus get shoot kid
SAUL,get rid whatre sitting talking
SKYLER,family meeting safe place everyone voice concern heard
WALT,
MIKE,yeah funny word open interpretation
MARIE,hank
WALT,ii sit man stranger engages conversation he complete stranger
JESSE,say say ram alright uh start ram shit truck make escape right
MIKE,shes gon na need shoe
WALT,wouldnt even know begin idea spend day drawing atom chalkboard making kid memorize periodic table
WALT,half million cash
HANK,try one wouldja
WALT,show know art
JESSE,jesus know youre goddamn retard got workin register gon na know youre making crystal youre probably list
JESSE,much got trapped living know house could hear going like room room always uh scurrying around sometimes id see outside night itd know
SKYLER,police wheres holly walt
HANK,yeah got twenty buck say he beaner
GUS,three million dollar three month time
HANK,son name
SKYLER,good time talk
JESSE,yknow iii dont get would anyone paint picture door like dozen time
WALT,chad keep hand please something wrong table
GUS,north border territory say
HANK,got pride get wan na take care everything dont pal daddy warbucks want chip well got ta agree old lady one take money run
SKYLER,close eye
SKYLER,tihme wgeoeinkgentdo hank mary
WALT JR,guy good
JESSE,alright
SKYLER,okay think
WALT,alright
SKYLER,yeah yeah else could possibly make kind money
JESSE,
GUS,dont look look
MARIE,guess
MIKE,um used beat cop long time ago id get called domestic dispute time hundred probably year one guy one piece shit never forget gordie looked like bo svenson remember walking tall dont remember
JESSE,okay fine guess cow skull picture cool door say door zzzzzzzzzzzzzzz
WALT,ill admit come across like circus clown actually know hed
SKYLER,pretty much supported u postdoctoral work really here thing looking kind loophole dunno
WALT JR,always
SKYLER,feel fantastic control temperature
SKYLER,mean understand
JESSE,
WALT,easy decision one make im sorry whole gale situation heshes working
MARIE,hehe swung something
WALT JR,man got good
JESSE,mean fly like like mean
WALT,
SKYLER,walt wouldnt offer job didnt think qualified
JESSE,four grand guy want fortyfive hundred
MIKE,well im gon na
WALT,thats got unusual right kind cash
MARIE,cant know sure
MIKE,trust hole desert id leave
SKYLER,good see missed last time think rwanda something
SKYLER,wheres hank
GUS,need talk something something rather pressing
MARIE,father custody youre going able talk
WALT,wouldnt account much material arent long
WALT,ive low blood sugar stood fast
WALT,brotherinlaw know rv
WALT,jesus skyler really want know mean dyou really want know really
SKYLER,guoesffs whaiss sgnroetchen schwartz something goinrtg knew
JESSE,dont know think youre mr white youre planning giving bullshit getting right jesus something turning
MIKE,driving good behind wheel
SKYLER,marie jesus
WALT JR,okay thinking id use one test
WALT,leave one batch one ship stop complicating thing
WALT,hell live
WALT,wait
GUS,chilean dish love never get make kid wont eat uh know
SAUL,hello walt good see please uh seat
JESSE,nothing partner helping cook mean work dude didnt know thing got dicked let go
MARIE,name
WALT,uh would
WALT,id like buy
JESSE,like im airplane yo hell
WALT JR,ha ha dad youre going get easy
WALT,exactly actually prefer ether
JESSE,want buy place pay tax im criminal yo
WALT,jesse
JESSE,uhhuh
WALT,oh god oh god
SKYLER,im sorry didnt think youd upset say
WALT,need ride
WALT,youre still filing system aunt owns place right
WALT JR,whatsthat
JESSE,sell safe alright sell smart
MARIE,youve since kid youd throw fit didnt get way
WALT,yeah
HANK,never mind coffee break take im done
MARIE,want coffee
SAUL,believe moneylaundering aint used
JESSE,yeah yeah hey hey crunching number alright
WALT,look hope youre waiting apology rat looking best interest well stand behind decision well agree disagree anyway call back
SKYLER,thanks stopping actually best time visit
HANK,thanks really appreciate
MARIE,shes already finished entire bottle still seemed hungry fell asleep thinking id give another wake
JESSE,hey
HANK,kid swear god wish could
MARIE,mean gang like intervention
WALT,buy rv start tomorrow
GUS,time choose
HANK,dont go native alright
WALT,loanout fine
JESSE,there got way
JESSE,twoohtwo change okay getting home
SKYLER,whatever hank investigating trying find rv danger could lead back
WALT,mow first thing
JESSE,ear popping
JESSE,uh good
WALT,think odds tried calculate theyre astronomical
JESSE,whod say killed
HANK,take take
SKYLER,ted whole thing hank one nonstop horror show know
HANK,yes sir
WALT,let please please please let talk
WALT JR,okay mach fastback grabber lime shaker hood stang
WALT JR,
SKYLER,walt
JESSE,yeah well mean thing
WALT,buy rv start tomorrow
MIKE,good
WALT,apple orange
WALT,whats find dispute turf right mean hard could track turf kill month ago
MARIE,ill right back okay
JESSE,teenth shit cmon yo
WALT,huh capn cook thats
HANK,wasnt one mistake ive
JESSE,whoa whoa whoa hold
WALT,
SAUL,yo adrian rocky called want face back
JESSE,uh one
JESSE,two even
WALT,wherewhere know put together
SKYLER,walter jr know there something going now chance spit
JESSE,jesus
SKYLER,whenll home
MARIE,know talk thing right dont go alone
WALT JR,yeah put jail whats god got ta
SKYLER,okay guess start going around circle youre important part family
WALT,skyler
JESSE,oh zzzzzap somebody got got yo see mister
MARIE,spoke blanca said stevens going el paso
JESSE,thank yo thank
JESSE,
WALT,cook whatever like long ridiculous chili p drek dont even think using formula
HANK,cmon little ratbastard get lazy as go break law
SKYLER,sold favorite piece hideous cry clown got nine buck paid
JESSE,hey sup name jesse
WALT,positive pressure
JESSE,beaker griffin beaker exact volumetric beaker erlenmeyer flask kjeldahlstyle recovery flask
JESSE,surprised doesnt make u
JESSE,mean mhats point shutting completely something lift ground spend much energy fighting urge use feel like crap cause
WALT,buahc k jfourst abwohyiioeu kinow wont surgery friday ny
JESSE,central like train track
WALT,hank
MARIE,thing laughingly call pillow would give prison inmate
MARIE,im betting check
HANK,nope
WALT,alright well come come
JESSE,
SAUL,drum roll please wait
HANK,name asac schrader go fuck
SAUL,filthy drug money transformed nice clean taxable income brought savvy investment thriving business
SKYLER,walt diagnosed um changed looking back dont think ever really understood going facing death knowing going leave behind nothing thats started better worse wanted provide
JESSE,dont know whats matter care got
JESSE,dont uh leave let trap work
WALT,whoa whoa whoa whoa
JESSE,ah damn
WALT JR,im pissed cause youre coward get cancer two minute later youre ready give youd given remember could barely stand helped every day til able walk remember hellacious youre scared little chemotherapy
JESSE,else tell
SKYLER,killed killed hank
WALT,onnne
WALT,ill uh ill follow
SKYLER,ill take school
HANK,moment truth
SAUL,rv
WALT,im sorry jane
WALT,oh shit
JESSE,
JESSE,seriously get beer
WALT,happy birthday
WALT,something keep street say day time get temper cooled hopefully move
WALT JR,hey aunt marie
JESSE,talk
GUS,probing weakness
WALT JR,scuse
GUS,sunset
SKYLER,yeah
MARIE,listen knock way groucho ill knock mine
WALT,pinkman still owe
GUS,working together break bread together
JESSE,yeah
WALT,raisin
MIKE,spoke goodman pinkman plan
WALT,pretty straightforward ill show get
SAUL,yeah partner privilege seniority usual seventeen percent thats bargain
SKYLER,thanks lot marie nice ambush
WALT,much
SKYLER,youre right youre right
JESSE,went bar
JESSE,hey step one build inventory badger go see clovis get rv shape tune oil change brake light whatnot cop always pull brake light u cautious
JESSE,yeah
WALT,well think gon na tell man im dying
MARIE,hey know doctor told uncle hank get time want
HANK,thing doesnt damned thing
HANK,immediately went back salvage yard rv gone likely destroyed site
JESSE,alright imagine two guy patrick working mule making kill people wouldnt anything protect kid
WALT,skyler hey
WALT,sure
WALT,hank please youve got ta tell work hank
SKYLER,sizzlelean watching cholesterol
WALT,whwhat thats hearsay proof
HANK,get house hear marie today
WALT,skyler therestheres lotta angle alright complicated let sit back talk
SKYLER,laser tag
JESSE,hell sposed mean
WALT,ill treatment
SAUL,howsabout run thing one time especially part talking dont say jack
JESSE,wait
SKYLER,somehow something tell
GUS,come help cook
JESSE,fault
GUS,believe gale know time come ready
JESSE,get offa get
GUS,doesnt
JESSE,guy eats ricin two three day later get flu heart attack something keel thats said untraceable back u
JESSE,cook tomorrow meantime know guy talk
WALT,well didnt vote
HANK,one minute attacked somebody called cell told expect
JESSE,like make expert
JESSE,one time back aunt house back died cancer possum big freaky looking bitch
HANK,thats exactly im sayin deal little prick
SKYLER,yeah thought truth never took money dime proud take considered charity
GUS,new lab
HANK,nope working
SKYLER,hi everything okay
JESSE,want
GUS,whered cross
SKYLER,im saying know history he father child maybe
JESSE,okay
HANK,yeah
WALT,got ta go
WALT,
JESSE,already time dont go get monkey
SAUL,yeah there gun glolites kid wear vest runa round team
MARIE,hell
WALT JR,got nabbed cause guy ran
GUS,listen one friend room
WALT,absolutely entire chain event occur failsafes failsafes redundancy built system one person one cause attributed instance sort collision radar jet may working properly public record look
GUS,well first started made lot mistake care admit wish id someone advise life overwhelm
WALT,thats im jesse there
WALT JR,go got
JESSE,aint buying ese im selling
WALT,money saul keeping soon youre feeling better
JESSE,money mainly
WALT JR,know bullshit
HANK,closer
WALT,good clothes cant go home smelling like meth lab
HANK,shit old man walts tokin even inhale
HANK,marie let people get paid
JESSE,youre
JESSE,stove fuel enough lye got generic crap red devil better iodine match also brand
WALT,im got ta careful baby
HANK,little care far im concerned never inhaled okay like said cut chase remember pinkman kid ever rv
JESSE,need today
SAUL,heyhey escalating stop
WALT,bye son hey good work today
WALT,thank anyway kind elliott
HANK,thats way happened
MIKE,well course trying right thing
WALT,good family
JESSE,hell man
JESSE,nah theyre onto got dog sniff around
SAUL,thats thats wan na buy
WALT,shoot
SKYLER,turning forty big deal know im looking forward
SKYLER,guess crime pay
SKYLER,name
SKYLER,anbdio oi st ut apl g peea ao ltl tmt e thinking yet rano h cf e ew h tircahnwgeasbeyohuarvior
HANK,yeah
WALT,elliott appealing know ive got personal issue
SKYLER,well little late happens decide pay bill drug money
SKYLER,apparently know even part body mean couldnt bring go
WALT,sure hope enough
SKYLER,hey uh know dad thinking maybe starting business together
WALT JR,fine
HANK,well long story im personally opinion he moved weed graduated selling crystal meth using rolling lab
WALT,like winnebago
JESSE,going
JESSE,cause never said wouldnt cook cause aint plural bitch
SKYLER,god could go glass wine wan na go sorry never mind ech anyway
WALT,know want security family
SAUL,take xanax cause got drawer full em uh get em
JESSE,cause found em
JESSE,yeah
SKYLER,oh yeah
SKYLER,worked four year business understand story people believe laser tag buy
SKYLER,eat
JESSE,good
SKYLER,great thanks marie
SKYLER,youre gon na mow
WALT,want something drink
JESSE,right get five percent
WALT,dloiseteennt jheeslpse bellieinvgeermineg onjutshtings atrlyrigahntd focus getting better
SKYLER,safe cautious thats im asking man neither
SKYLER,yeah
WALT,god walt cocaine
WALT,look nice honey
JESSE,tom trick firecracker huh who tom
SKYLER,could hardly believe either admitted point blank buying pot former student skeevy little shit
JESSE,youyou like remember class mean like
JESSE,oh gee thanks well interested ive got thing goin nice try saving asshat brotherinlaw
WALT,well recite
WALT,know
GUS,ringing ear
WALT JR,mimom pretty sure didnt bring
JESSE,name
SKYLER,married couple cant compelled testify one another there
JESSE,seriously wan na get high
JESSE,yeah ill keep peace
MIKE,im gon na need full attention saul jesse pinkman current whereabouts sooner tell sooner get back
HANK,yeah exactly one whiffll kill thats moon suit
MARIE,here youre gon na tell
WALT,wheres belly button see
SKYLER,thing devil detail begin saying source money
WALT,yes know
JESSE,two
WALT,nice meet
JESSE,hold onto hold still
GUS,walter ever talked got particular line work
JESSE,ninetysix million dollar alright ninetysix million ninetysix three
SKYLER,youre liar walt
JESSE,exactly kind contaminant dealing
JESSE,tomorrow ill touch
MARIE,well didnt see
WALT,well asks lot question cooking process try vague possible ive got guy victor watching listening every word say
MARIE,dont know talk dont know say anymore dont know
JESSE,hey sit
JESSE,moving around alright working
WALT JR,youre completely mind
WALT,yeah better
WALT JR,yeah need police dad pulled knife mom attacked he dangerous think mightve killed somebody
WALT,please get thing together kid priority
HANK,yeah sure
JESSE,good um ready talk business
JESSE,im good im good im good man right right
WALT JR,youre mind youre full shit
HANK,look like
WALT,thank know ebola tell would west african virus lab hmm
SKYLER,youre late
JESSE,wait hold tell youre seriously
WALT,believe proprietary kind selfishness formula hmm sort overweening pride suppose think simply overwhelms cloud judgement
HANK,well simple baby there little thing called const
WALT JR,stupid he gon na change mind might well save breath
HANK,hey
GUS,im told product less consistent quality come expect
JESSE,yeah baby got pheromone
JESSE,youre damn right belongs
JESSE,look bump get thing done want
WALT,hi
SAUL,wan na stay jail dontcha wan na keep money freedom ive got three little letter ir get capone get
GUS,clearly youre rational person would done
HANK,calling dad
MARIE,course ii want safe cant tell want wont talk
SKYLER,ah stang mmhmm
JESSE,show exactly easy
WALT,short speech lost partner today whatshisname emilio emilios going prison
WALT,chemistry study
GUS,say
SAUL,hey whatre parameter sobriety thing got going
GUS,mind
GUS,pinkman
WALT,jesse
SKYLER,please stop talking dying
SAUL,dont get outside nail salon right inside best money laundry growing boy could ask
SKYLER,oh god walt
SKYLER,every spare minute walt card table somewhere first went casino realized
HANK,thats one im positive little bastard got rv dont know keep actually lead something im stuck marie im sorry
WALT,wish something could
JESSE,one miss
WALT,
MIKE,chow anything wan na tell
HANK,oh hey uh
JESSE,heard sister kid shot
WALT,really
HANK,brandon mayhew know
HANK,mmm ever took
JESSE,dunno
WALT,home watching tv nature program elephant skyler holly another room could hear baby monitor singing lullaby
GUS,ah morning
WALT,wwhy thinking way punish
WALT,cost family
SKYLER,dinner almost ready okay
WALT,skyler nothing
JESSE,hey wait thing
SKYLER,even know walt mean would people buy laser tag business itit doesnt add
WALT,cmon let get outta
SKYLER,relax close eye let
JESSE,
WALT,wheres remote
SAUL,kay here cash youre town yeah youre partying hearty youre knockin boot chicky babe uhh who
WALT,sell dont smoke
HANK,single shittiest week since handsdown living mean say authority cause definitely shitty week last six month right call guinness man call freakin
WALT,wan na talk trust jesse let talk trust told cook formula went ahead anyway
MARIE,pinkman character
WALT,yeah well know would prison prison worse id right alongside
GUS,understand
SKYLER,walt dont know going lately
SKYLER,process moving yeah today hopefully meantime son daughter staying sister
SKYLER,married
SKYLER,okay thanks
MIKE,hell exactly
MIKE,yeah unfortunately walter downstairs
JESSE,who
GUS,would choose hour course come go please long quota met
HANK,hospital bed
MARIE,please ten thousand dollar
WALT JR,dad mom aunt marie told arrested theyre saying youre kind drug dealer
HANK,hey check walt asshole like shoebox bettern bank america
MIKE,walter sooner figure sooner go home
SKYLER,honey
HANK,go back trailer everythings okay
SKYLER,like im paralyzed like take step direction im gon na make spectacular mistake
HANK,marie give mean seriously gon na happen
JESSE,cant get nut sell whats point even coming
JESSE,thats right
WALT,sky whhiant kdiomyoauy juthsintkkeep
SKYLER,yes he high school teacher chemistry teacher
JESSE,uh tom
SAUL,bzzt wrong million time worse youre tax cheat
SKYLER,he fine mean
JESSE,listen get address
SAUL,whawhat say escalating huh who got back alright im gon na take care thing
SKYLER,
HANK,didnt see coming
HANK,nah didnt see shit day late dollar short usual reason im even breathing got warning call
WALT,name one thing world negotiable
JESSE,see told got
HANK,drug enforcement administration interested rv thats registered name address
WALT,option
SKYLER,hey everybody walt suddenly decided invest laser tag blue really thats supposed tell people family friend government
SAUL,thats way world kid go winner
SKYLER,love
WALT,
GUS,need two hundred pound per week make economically viable
JESSE,bet thats
JESSE,oh know buzzer thing
JESSE,burger getting cold
WALT,well would prefer die holding head high rather eating shit
SAUL,good constitutes good youre car bugged
MIKE,half measure walter
SAUL,wha youyoure gon na need money laundered right mean course
JESSE,never talk anyone right mean ever understand
JESSE,guess like marine somethin got old hard hearing uh project class make um wooden box like small um like
SKYLER,hey dont love situation alright put however let stick make sense took seed money gambling invested car wash helped run four year hired wife bookkeeper guess shes actually bookkeeper story auditor believe missing
HANK,im letting sucker outta sight there got ta way there got ta way there got ta way
JESSE,positive
WALT,he
WALT,partner get shot intervened
GUS,intend keep walter long want assuming he physically tell long might
JESSE,okay good great
WALT,know call crazy iim actually feeling good future
JESSE,free cook anytime anywhere quota one answer
SAUL,besides dump isnt gon na work doesnt danny okay there danny
JESSE,im risking as get product two youre pussy sell youre pathetic
WALT,people believe least worked four year
WALT,jesse ii sorry happened
SKYLER,mmm
JESSE,bout stop somewhere afterward get beer
GUS,would like happen
WALT,wouldnt miss world happy birthday elliott
WALT,sometimes compromise made best reason
WALT JR,nine saturday
MIKE,okay junebug
WALT,hell
WALT,wait
HANK,amir guy name jesus call homeland security
WALT,well hate break jesse
SKYLER,yes would like please
JESSE,turned um cancer spread brain um metastasized good decided know take doctor cause knew know got treatment med
WALT,uh yes okay okay ill
JESSE,mean literally itsits gross lick junk iii cant believe even showed tv
HANK,see
MIKE,seat walter
JESSE,hey yo yo yo got champagne none cheap stuff want expensive shit
JESSE,
SKYLER,uh yes concern
SKYLER,hey
SKYLER,walt
MARIE,wow give time get job
WALT,yeah
WALT,theyve got laundry theyre gon na kill jesse fast jesse
SKYLER,realized casino report winning irs get reported family might find want family find find another place gamble like illegal backroom game remember long walk walt used take time used spend away home
MARIE,made one mistake
WALT,thats two alright let close
WALT,ever found
WALT,work get turn cash money get nothing im offering right right
SKYLER,he actually nice guy doesnt push
SKYLER,im fine
WALT,going work
SKYLER,wait take talking pillow
HANK,headed
SAUL,yeah
HANK,well dont need one ive got probable cause counselor
JESSE,cause he dumbass thats ohh god
WALT,im quite well thank
WALT,ive got two already
SAUL,jessepinkmaninthephonebook
SAUL,well let brainstorm
WALT,
SKYLER,three six hour notice
MARIE,yeah
MIKE,saul dont make beat till leg dont work tell find
WALT,jack
SKYLER,later ted
HANK,jesus sure cancer hasnt metamorphosized walts brain
JESSE,hang cant got ta hash hey
WALT,one issue trouble dont know happens three month contract end
WALT,good thats good uh rehab helped
MARIE,well heard certain patient named schradercomma hank
HANK,theyre recreational vehicle marie thats
GUS,wait outside
GUS,brotherinlaw
JESSE,got ta
WALT JR,yeah sure alright seeya dad
JESSE,cant work scale
HANK,nah
JESSE,youre telling youre cooking
SAUL,walt tell uh concern alleviate
JESSE,nah
JESSE,running charity cmon man gon na take
HANK,muscle memory
JESSE,thats psycho
GUS,
SKYLER,hey walt thought id try wondering time think might back give u call let u know okay
JESSE,ridiculous youre saying gon na work back plan back gon na use tuco
WALT,moment night never left home never gone house maybe thing woulda
WALT JR,stop stop stop
WALT,
WALT,hank think might get go inside see lab
MARIE,hank isnt insurance ive talked everybody say healthy enough go home
SKYLER,um going go road clearly sake brotherinlaw
HANK,fine want warrant ill guy bring deliver little satin pillow hows
HANK,well three cheer
MARIE,good good
JESSE,yeah found got kid kind mother
SKYLER,else would trust
JESSE,better
WALT,yes put away hell wrong
MARIE,flynn hey
HANK,ah go finally
SAUL,well next time plan wouldja starship enterprise selfdestruct button im saying
HANK,
JESSE,yeah
WALT,
JESSE,yo whats next
JESSE,let kick back gear alright let start slingin
MARIE,theyre gon na start coming weekly like
JESSE,aint buying damn nail salon forget
SKYLER,isnt game marie husband life talking trying sabotage u
JESSE,try stop bitch
SKYLER,name
SKYLER,well dont pretend understand know detail convinced put enough money hed um uh
WALT,family let sink
JESSE,stand way
JESSE,told ya dude totally boning u
SKYLER,course know walt he like brick wall doesnt talk feeling right barely speaking term
MARIE,hi sweetie
JESSE,maybe later
SAUL,talking yoko ono
JESSE,right
GUS,vouched previously took word
GUS,medical condition grown worse
JESSE,uh yeah think youre good
MARIE,youll comfortable home youll equipment
HANK,im alright
WALT,im understand im fine
WALT JR,homework
JESSE,cant order shit adolf alright partner remember
WALT,yeah well know best right anything else
JESSE,uuuuhh christ
SAUL,gentleman could come accommodation there always way oil everyones lock
SAUL,touch anything desk
WALT JR,thank
MARIE,find rv
WALT JR,thats said
MARIE,thought elliot gretchen paid treatment
WALT,yeah
MARIE,ooo u attorney santa fe nice
SAUL,make sense two together im still trying figure happened
JESSE,
HANK,im serious call fbi see he legal might ship as back camelland
SKYLER,ice station zebra associate
JESSE,owww gah problem
JESSE,
WALT,nine saturday
JESSE,since
JESSE,wait tell didnt buy one single goddamn store
SAUL,
MARIE,time go home hank
HANK,uhh okay well
HANK,know know condo georgetown know
WALT,let stop right okay responsible way shape form date thing probably far lot factor play
JESSE,alright definitely scared hell probably stay way
MIKE,licensed dependable
SKYLER,youre drug dealer
GUS,condition worsened
MARIE,hey flynn hows trick
JESSE,um evaporation
JESSE,got ta pay tax hell thats messed yo thats kafkaesque
JESSE,think thisll stop cooking
HANK,girl girl cool alright supposed talking
JESSE,trust trust thats good one yeah yeah thats im gon na
JESSE,cook one big one
WALT,sonofa
GUS,would take drive
GUS,youd need new assistant
SAUL,fourteen fair
WALT,cant quit something contract
WALT,thank let please let change subject
WALT,yeah bout
MIKE,laredo look like
HANK,alright see
JESSE,go easy
GUS,heard let take care
WALT,yeah iill right
WALT,jesse jesse
HANK,ah hahhah sit spin
HANK,whatcha looking
HANK,im best marie
SKYLER,name
MIKE,realize two history kid bubble long time comin
GUS,theyre nothing wrong
MARIE,equipment need shortterm youll pt home itll great youll home
MARIE,bos hall fame dont see anything kleinman theyre gon na get stick
MARIE,isnt fantastic
GUS,youll decision isnt make
WALT,said half measure
MARIE,horse arabian stallion
JESSE,ah man
JESSE,go go house get one knew partner one else know swear
HANK,look buddy dont go
SKYLER,system counting card blackjack
WALT,whats sound
GUS,offer think interest
SKYLER,
WALT,cowhouse
HANK,yeah well needed time cause im deep investigation couldnt made judgement call
WALT,im comforting im comforting presence
SAUL,eighthgrade hall monitor current whereabouts lem tell something
SKYLER,name
JESSE,yeah
JESSE,he boy huh
JESSE,okay universe took door got obsessed paint twenty time perfect
SKYLER,mind
WALT,told skyler warned solid year cross thered consequence didnt understand
HANK,could check
WALT,ill
WALT JR,notme wantbacon
SKYLER,know mean apparently cant even tell man name
WALT,uh
HANK,look buddy know dont tell often enough care helluva lot whole cancer thing let face got dealt shit hand card
JESSE,three hundred twelve thousand
WALT,six night week get one night
MARIE,hey
JESSE,tell em youre busy
WALT,sure last thing need get locked
JESSE,booyah see say
WALT JR,
WALT,tuco wanted murder u guy dont apple orange dodo really sit explain difference
WALT,money world drug dealer negotiate
SKYLER,let talk later ted okay
MIKE,moronic
JESSE,mr white
GUS,oh specifically ever spoken health problem
JESSE,im without
WALT,assistant partner well partner split everything fiftyfifty like
MARIE,catch bad guy
SAUL,got bumper car way got arcade right latest video game snack bar nothing stopping selling beer parent thats whole new revenue stream
HANK,talking mr ortega
HANK,arent late work something
SKYLER,well temporarily could get thing together supposed last week came crash
JESSE,hey wait
HANK,people say guess actually expect guess hate people
GUS,good im glad
SKYLER,homework play video game
SKYLER,wan na take
WALT,set
MARIE,well um bring ancient history
MARIE,look nice
WALT,get air answer sliding headfirst massive crap
SKYLER,apparently love canada l
JESSE,pound half thought like precise
WALT,uh saul
HANK,leave hospital walk outta understand
MIKE,hows driving
MARIE,well im sorry supposed help get wont even tell walt
WALT,dont know
GUS,may
JESSE,hhuh yeah
GUS,he dying cancer
MIKE,youre businessman lady front
WALT,two year
SKYLER,need talk
MARIE,almost didnt come christ barely even know sure hell dont know ever trust
SAUL,cant see im conference
SKYLER,
SAUL,understand get jail free card right mean blink youre following
JESSE,ii cant mr white like said imim
JESSE,oh god oh man oh im dead
MARIE,hell plan
WALT,basic chemistry
HANK,call get
SAUL,guy dummy right give u maybe twentyfour hour figure address go nowhere
WALT,hey
SAUL,holy christ
HANK,he going phase
MARIE,answer understand
HANK,put hospital bed bedroom
SAUL,client
HANK,whats condition
WALT,guess shouldve breakfast morning
WALT,itits possible
JESSE,yeah ive crunching number dont got ta mathematician figure deal made bullshit
JESSE,um laundromat totally corporate
SAUL,wheres maestro parking minivan
WALT,
SKYLER,sit walt
HANK,yeah sad mean really feel sorry marie know really uh pathetic
GUS,never make mistake twice
JESSE,look
WALT,shut give hand
SKYLER,start physical therapy
HANK,yeah yeah uh six
WALT,well thinking tapering phenyl get oilier aqueous layer hence
SKYLER,flynn could put seat belt please
WALT,pinkman
HANK,dunno
SKYLER,okay
SAUL,laser tag seven thousand square foot rollicking fun heart northern bernalillo county
SKYLER,sure
WALT,honestly would bore senseless giant space laser sound cool ill bring next staff meeting
SKYLER,money youd making u accessory fact
WALT,pressure ive turned ventilation keep outside
HANK,swung
JESSE,hey hey hey stop marking floor dumbass come
WALT JR,mean
HANK,dunno uh four
JESSE,like dangerous
SKYLER,get
JESSE,chili p signature
WALT,ive oncologist jesse last week
SAUL,uhhuh
WALT,truck belong
JESSE,glass grade got jesus got crystal quarterinch long longer pure glass
WALT,
WALT,wan na cook
MIKE,
SAUL,thirteen
HANK,say snitch say dude go capn cook life name got three pound flask keep bubbling day night say always add dash chili powder
JESSE,bout
JESSE,who asking
JESSE,yo kraze doin man
WALT,family
SKYLER,
JESSE,uh yeah right like dont
SKYLER,thats lie um know
MARIE,oh know
SAUL,servicewise survive oh im seriously rethinking pricing yeah
JESSE,oh hey sorry
HANK,donthte ask da e he ao ncyors
WALT JR,
GUS,apologize transparent
WALT,uh okay use bathroom right
JESSE,alls know got half money im due got rest
WALT,murder part twelvestep program amends make talking pointless achieves nothing
JESSE,
WALT,get
WALT,man everything
WALT,yeah
WALT,yeah sixtythree fiftythree juan tabo number six got
JESSE,fly alright hell fly like even seen thing maybe positive pressure blew door something
HANK,gomie
SKYLER,walt im im im gon na right
JESSE,guest
WALT JR,hey dad
MARIE,lowlife degenerate versus job youre supposed one pay right thing
MARIE,hank hell talking
SKYLER,buy
SAUL,sit come come humor second know need launder money right
WALT,invite
MARIE,know im really beat think im gon na take bath
JESSE,youre right dont know youve
SKYLER,name
JESSE,bout go get air
WALT,damn come come come
WALT,first im curious
HANK,whoa heavy lifting got
SKYLER,mean certainly know separated
GUS,asking ordered murder child
WALT,youre promoting caution want believable story
JESSE,chip im gon na steal chip
WALT,uh thanks though maybe time
JESSE,name
WALT,yes
SKYLER,okay um wine cellar mean certainly expected live without wine cellar
WALT,could talk hour
WALT,okay like said he problem he always problem without would
MARIE,go hour go nightline dont know nightline anymore doesnt matter take run he hero he going wheelchair
SKYLER,theyll probably want take glass
MIKE,know havent slept since thursday night cleaning need sleep
WALT,name walter hartwell white live belmont avenue ontario california sound mind law enforcement entity admission guilt im speaking family
SKYLER,please safe
WALT,hi honey
WALT,whatre
JESSE,careful fragile boiling flask beaker
MARIE,oh god
SKYLER,theyre giving hell sleep till morning
JESSE,tell aint finest scante ever laid eye
WALT,jesse come
WALT,nothing get spilled
WALT,next order business getting brand new car seat
HANK,sometimes luck change cant tell many time started shit hand ended full house key hang keep placing bet
HANK,idea mightve taken
JESSE,oh uh got fund
JESSE,okay hour start
WALT,dont erlenmeyer flask general mixing titration apply heat erlenmeyer flask thats boiling flask learn anything chemistry class
SAUL,hey may overstated uh power face
JESSE,uh mean wait wait mean shouldnt wearing mask
JESSE,took um votech class high school woodworking took lot votech class cause big jerkoff one time teacher name ah mr uh mr pike
JESSE,get
WALT JR,true knew youre bad right
WALT,go say goodnight
GUS,pinkman
SKYLER,guy minneapolis fourteen dollar plus shipping got yard sale eighty cent god love ebay
MARIE,he hero dont deny coverage hero
SKYLER,im asking must something say isnt even worth try hank family
SKYLER,walt swear didnt put
WALT,thats right couldnt angry two dealer murdered eleven yearold boy
SAUL,final step integration revenue salon go owner thats
SAUL,waxon waxoff
WALT,name
JESSE,nothing cow got big cowhouse way way like two mile dont see nobody
WALT,gale im wondering
JESSE,look otherwise dont haveta dont got ta lift finger
WALT,youre drug dealer negotiate
SKYLER,walt good neighborhood got good elementary supposedly good high school believe cause definitely looked everywhere price range good get
HANK,could theyre setting heard movement inside
SKYLER,god ino god im trying talk thats
MARIE,ive tried he answering im sure he thick father
HANK,oh yeah look
SAUL,hey hey listen come im talking future listen reason
WALT,please dont
SKYLER,god know anyway certainly wasnt ready move u back time driving sister husband wall im sure
WALT,know even talking
JESSE,fly saber
SKYLER,ted im ill see day two back office
MARIE,asked
SKYLER,dont want dicking around tonight get paid till six work till six seven
JESSE,thanks toke
HANK,yes course
JESSE,yeah
HANK,jesus whaddya got thing cinderblocks
WALT,ill bell
MARIE,good news right
JESSE,like rigid kind red tape bos dick owner superdick im worthy whatever meet guess everybodys scared dude
WALT,yeah
WALT,say hello would
JESSE,uh wanted give head gon na get little slower smuggling product uh grandpa anus watching every move make
WALT,money getting street getting calm
JESSE,nah come man straight like giant stick as sudden age fifty he gon na break bad
SKYLER,thank god
JESSE,el axeo peligroso el axeo
WALT,either turn
SKYLER,dad
JESSE,whatever put one
HANK,id really like speak
HANK,copy suspect might latin persuasion
SKYLER,yeah god know went lot
WALT JR,whatever dont even care anymore give ride school
SAUL,hey look here right pink pinkman get
HANK,name
WALT,got lab im trying get okay understand
SKYLER,youre one affect walt walter jr
SAUL,thats seventeen percent
WALT JR,im good
WALT JR,hows
WALT,hey
HANK,nah
WALT,need come inside pack right
WALT,whats
WALT JR,hey
JESSE,tell deal man wan na smoke smoke house
SKYLER,come let speak thats go hank
WALT,going back apartment
WALT,jesus h christ
SKYLER,
WALT,whats yield hey
SAUL,well grow gorgeous minute
SKYLER,dinner two night weekend twentyfour hour notice
WALT,look feel like im running way explain try fly major problem u ruin batch need destroy every trace cook failing dead room error people
WALT,name
JESSE,cause like like
WALT,dont kill
WALT,thats good thats good
WALT JR,fast
WALT,dont
WALT,whats
MARIE,well see
HANK,cell phne number wife name
SAUL,yeah owner fine establishment
SKYLER,hey wh
SKYLER,sweetie cmon
WALT,yes slow move slowly
JESSE,doesnt stay day
WALT,listen go room right grab whatevers important
SKYLER,dont know walt tell
GUS,make decision
JESSE,whatever man owe money
JESSE,head hyena he man know one like kiss as
JESSE,youre remember class mean like
SAUL,lem talk
SKYLER,he gon na love
JESSE,look definitely got man alright
HANK,like
WALT,doesnt matter doesnt concern
SKYLER,yeah holly son high school walter junior
WALT,let go let go
WALT JR,eeewww
HANK,hey janice janice
WALT,yeah high school teacher cant even remember last time set foot real lab ive loop twenty year
WALT,least going part household dinner family every night week
JESSE,twoohone point six
SKYLER,cant get another danny run car wash
JESSE,dunno maybe way said like wasnt exactly sayin sucked askin honestly got reason thought yeah man better
SKYLER,whose truck
HANK,pain foot as marie
SAUL,twelve old time sake twelve
WALT,yeah see
WALT,yeah
WALT,anyone watching place
WALT,please tell found
JESSE,hey ticktock yo
WALT,well dont keep waiting
WALT,
JESSE,look like shadow care he
MARIE,gon na work youve good many year
JESSE,hey sup
WALT,hey margaret
WALT,life death
SKYLER,win lottery tell
WALT,alright deal
WALT,couldnt chance saying inside know lab wired sound
SKYLER,safe
JESSE,dont got like eight anal thing got ta first
MIKE,
SAUL,wait wait wait hey lady thank good job come back
MIKE,im looking find client hoping could help address
GUS,please
WALT,hank could cut chase
WALT,spillage
JESSE,like thats science stuff make
SKYLER,first trimester yes
WALT JR,
JESSE,wait whoa said kid coming home
WALT,something playing card spoke make nice motory sound
MARIE,hey wasnt planning agreeing walt hearing talk future like doesnt even say
JESSE,thanks
MARIE,yes happens time year training body acted faster brain choice hit fight back
WALT,yes statistical um
WALT,curious
JESSE,happened
SAUL,youre officially cute one group paul meet ringo ringo paul
MIKE,ill bet hed come running boom
HANK,well im curious theft never reported im seeing record police dmv
HANK,welded onto back house well thats classy christ okay thanks
SKYLER,hello
MIKE,let get comfortable
WALT,werent supposed
WALT,hi
SAUL,gim phone give
WALT,hello
JESSE,hey know magical power wan na see ready
WALT,holding
WALT,take belongs
GUS,explain man white betrayed cousin tuco yes he one murdered
MARIE,probably still lockout
SKYLER,know youre asked
WALT,jesse cmon help
MARIE,could walt
WALT,im okay really
JESSE,totally uhn god
JESSE,mean
HANK,oh hey turn
JESSE,hello
SKYLER,mean personally feel decision youre making best interest family unit opinion
SAUL,youre sure
JESSE,yknow escalate
WALT,ah im noting little hole plot though would estranged husband
JESSE,okay guy using kid like got ta go right
MIKE,bos
SKYLER,walt always pay bill
WALT,thought anymore meaning reconsidered
JESSE,want get
SAUL,look like rv disposal people plan contingency
SKYLER,love family desperately want reconciliation though may hopeless futile hed try anything
JESSE,hell
SKYLER,
SAUL,yeah want stay criminal become say convict maybe grow listen lawyer
JESSE,twoohone point eight
SAUL,whoawhoa walt hold hey offer may ask
JESSE,yeah well well see
SKYLER,marie ive got nothing say
WALT,thats wanted right
WALT,yes understand
MARIE,squeezed orange juice want glass orange juice
GUS,try clean every night make sure open intake valve
WALT,uh nah
SKYLER,actually asked doctor
WALT JR,hey dad
SKYLER,dont know cant believe could stubborn stupid would anyone right mind choose get treatment completely paid would u
HANK,im man thought think im done cop
MARIE,everything change youve got prepare
JESSE,one teenth thats
WALT,time
JESSE,sup brock huh thats cool name give
WALT JR,wont tell whats
SKYLER,well think um probably table discussion later dad couple thing talk
WALT,oh youre never going see hank crossed think
WALT,ship asis
SAUL,thats joke kid aint coming
WALT,excellent thats good jesse thats excellent
MARIE,seeing see
WALT JR,said anything god stupid air traffic controller
SKYLER,never find anything buick
SAUL,ive heard uh he american hero
SKYLER,whose loanout
GUS,excellent help
HANK,um go
WALT,stupid present
HANK,name
JESSE,dipshit customer theyre gon na demand certain standard stuff didnt cut
WALT,look skyler dont know kind relationship picture person
SKYLER,hi hope late
WALT,dont mean jail jail jail im talking one situation youre orange jumpsuit picking litter along highway
SKYLER,warning call mean
GUS,worthless junkie intervene put u risk contemptible junkie couldnt keep peace eight hour
MIKE,huh learn kind thing
SKYLER,okay
SKYLER,put mind uh well know walt heshes problem solver read book whole bunch research came system
SKYLER,whats going asleep
HANK,yeah thats correct
JESSE,bullshit say say word think im stealing
JESSE,hey wait thing
SKYLER,damned know described midcentury objet dart
MARIE,easy say youre one im medical professional see people situation time dont want spend last month dying slowly hospital picked doctor unable get bed go bathroom really want walt
WALT,could known took tape say say
WALT JR,he still he house
SKYLER,go ahead tell dad feel
SKYLER,dont get em theyre tight
JESSE,chemical poisonous
HANK,pipe
JESSE,yo
JESSE,want
HANK,nothing gon na happen
WALT JR,um foot okay
WALT,alright bring ready okay good
JESSE,name
WALT,mean fly housefly
SKYLER,
JESSE,yeah thanks
WALT JR,mean pick
GUS,much question
SKYLER,day
JESSE,key combine hydriodic acid pseudo cook voila freebase meth oil
SKYLER,whwhats danny
JESSE,contamination
JESSE,high stuff thats getting okay look say he getting forty pound alright two hundred pound week three month
SKYLER,ted got ta amazing invention ever
JESSE,hey yo
JESSE,man really cant say im really following
MARIE,remind bring home
JESSE,andrea right
MARIE,wan na case wake
JESSE,hey um name jesse uh
SKYLER,name
HANK,mean great way get family together affordable vacation mustve quite blow went missing
WALT,move jaw around move around
WALT JR,yell
WALT JR,wondering could u favor buy u six bud light forgot id
HANK,alright ill tell gon na check couple call morning okay whaddaya say
WALT,okay three
WALT,hank much money
MARIE,im seeing
MIKE,give hug see mom dont keep waiting
MARIE,
JESSE,get u couple flunky treat u right
JESSE,good
JESSE,sorry lunatic
SKYLER,hank want supportive
MARIE,whats walt lately
WALT,
WALT,hank work tell u youll let drop
MARIE,hey
SKYLER,see there kinda flow going nice big living room um dining area
MARIE,tell there way around know know
JESSE,either run thing face mr white
WALT JR,ohdamn hell yeah
JESSE,thats james bond drink mofos im
GUS,told kill walter white business concluded
SAUL,okay yeah exactly know mean searched
WALT,hi youre new lab assistant take
JESSE,look like making cherry product let keep real alright make poison people dont care alright probably unpicky customer world
HANK,marie wrong
WALT,alright ionic bond chapter six
SKYLER,want go ask another
WALT,jesse jesse
WALT,chemical change chemistry study change
MARIE,hank
SKYLER,
GUS,mean
SAUL,ten percent future profit solo venture thats money get paid simply walking mailbox
JESSE,know janes dad accidentally crashed together cause torn
SAUL,ill call pi
HANK,know itll get outta quicker youve got one minute
SAUL,danny run laser tag danny guy vision others saw dirt lot saw black light rubber alien teenager running around ray gun right like bugsy siegel desert stock market took shit danny got trouble went searching exactly type situation offering okay danny look way keep dream afloat word danny trusted completely
JESSE,wan na cook crystal meth
HANK,equipment hell mean
JESSE,talking
JESSE,heard say five said right front
WALT,uh tthank
JESSE,door check like real one
WALT,god name danny
JESSE,didnt take shit
MARIE,sky got first bill know youre still insistent
MIKE,well didnt find
GUS,thats interesting
WALT,invitation
GUS,well thats best way business
WALT JR,aunt mary coming dinner
SAUL,jesus plan go get fed
MIKE,dunno walt
HANK,wan na come meet bad guy
JESSE,hey got kid right whats name
WALT JR,looked new mexico say need note doctor
JESSE,hey martin
SKYLER,know youre scared youre alone gon na every step way
WALT,ill give jesse pinkman
SKYLER,tell
SKYLER,want gone monday morning
JESSE,like vagina ever saw
MARIE,one minute alright thats cakewalk
JESSE,oh well case ill two andand want tall skinny glass like skinny glass
HANK,gomie time little bird fly nest huh
JESSE,know woman buy two twice week alright
MARIE,
WALT,punitive happily married
JESSE,hey got ta go alright got entire thing figured
JESSE,hey wait thing
JESSE,take cream sugar
JESSE,mr white understand fly serious thing alright im onboard im saying know maybe went got air would help u come plan catch come back subtract as
SKYLER,okay
MIKE,im making inquiry
SKYLER,every night
HANK,youre okay
SKYLER,okay stan husband walt
WALT,ah dining area right
HANK,leave ball wife purse
WALT JR,hell going
GUS,ah walter youre right time please come
MARIE,think whatever want
SKYLER,name
HANK,walt say word ill take ridealong watch u knock meth lab
WALT,maybe
WALT,
WALT JR,doesnt matter provisional look changed law like ten year ago
HANK,sure happy
WALT,thinking might nice little family time weekend
HANK,yeah who
WALT,nobody looking
SKYLER,show flaw
HANK,schrader
WALT,im one who sick
HANK,come
JESSE,cop catch give want
WALT JR,dad get stop
WALT,
WALT,yeo tell lyx u ia
JESSE,yeah yeah yeah million half whoopdedoo whats getting huh
MARIE,well
JESSE,talk lawyer alright hey hear got nuthin say
WALT,awake
HANK,dont friend mean jesus find something better dont need everyone staring hangin like camel ball sac
JESSE,whatre bringing
JESSE,mine much dont get
MARIE,would like
MIKE,gon na need come
MARIE,wine would like glass
SKYLER,he gon na future doesnt get treatment
WALT,watched die watched overdose choke death couldve saved didnt
SKYLER,tell
JESSE,dont give shit said good im noth ing would want huh said meth inferior right right hey said cook garbage screw man screw
GUS,walter would like help could
WALT JR,yes sir
JESSE,dickhead
HANK,somebody take please
SKYLER,um walt say he going anywhere
SKYLER,ill danny
WALT,know moment
JESSE,mr white sit
JESSE,
JESSE,must thailandhot thats like
SKYLER,oh marie
SKYLER,dont go get dad
WALT,listen weve got problem dea problem
WALT,dont suppose came insult
GUS,enjoy meal
MARIE,alright get walking
JESSE,know youre thinking trust gon na like never gon na like
SKYLER,go walt
WALT,know still unpacking finding place everything
WALT JR,dad
HANK,okay walt look way bottom ninth base loaded youre got bum arm know cant hit homer either let pinch hitter take bat hold onto pride lose game get im sayin
MIKE,
JESSE,aint welcome back kotter step speech
SKYLER,yknow im bookkeeper actually know money laundering
SKYLER,thought going approach walter jr
JESSE,whatever later
WALT,wouldve perfect
WALT,hanodneaynswweerveed asked
WALT,rv one contains meth lab covered fingerprint ring bell
GUS,id like hear offer notwithstanding
JESSE,know methhead stood brotherinlaw alright questioned five hour didnt give know know cause youre prison right
JESSE,uh yeah
JESSE,little maybe
MARIE,cheese stick youre gon na fight hank
JESSE,alright see ya tomorrow
SKYLER,legitimate reason could possibly
JESSE,thats charity work sits around fat as judging people
SKYLER,im fine thanks
MARIE,im sure reason
GUS,child always family always priority responsibility man man provides even he appreciated respected even loved simply bear he man
WALT JR,dad stop talk please
JESSE,need juice maybe
WALT,fly
SKYLER,oh there uh breakfast bar kinda dealie nice um kitchen really spacious know got good appliance
SAUL,secure yes whats
JESSE,freakin clue
WALT,take mask
SKYLER,say money
WALT,skyler put please well figure everything
JESSE,flunked remember prick let tell something else shit aint chemistry shit art cooking art shit cook bomb dont telling
SAUL,based year experience money laundering suppose
SKYLER,anyway system finally got work
SKYLER,marie take money use take care hank
WALT,three million
JESSE,im bad guy
SKYLER,youre gon na launder money walt least right
MARIE,mostly fine okay well there ringing endorsement
JESSE,acceptable every jibbhead timbuktu gon na want taste gon na like sir would care replace schwinn bicycle brandnew ferrari shit
MARIE,like somethings eating away inside he he facing death change person dont think
MARIE,system
JESSE,
SAUL,okay pay
SKYLER,hank
SAUL,scratch piece paper somewhere
GUS,three million three month agreement extended annually twelve million year
WALT,five
SKYLER,name
JESSE,night
JESSE,cloudy sposed cloudy last time glass sparkled like diamond
WALT JR,cmon uncle hank else gon na get
SKYLER,three told theyre pretty good size
JESSE,huh see crystal big look like somebody broke window look like youd cut nose try
HANK,seeing
JESSE,dont sweat alright youre hey nobody gon na know anything
JESSE,man
SAUL,nail salon right take dirty money slip salon nice clean cash flow thats called layering
JESSE,there got way
MARIE,tell get groundhog see shadow
WALT,well let stretch price range truly mean buy starter house well move year two
HANK,take back said agree marie walt want die like man
SAUL,im reasonable guy short term deal ten even cant go lower still respect
GUS,okay let put pepper
WALT JR,uh dont think either working right
SAUL,come got ta cheer
JESSE,come man told find tape
WALT,secure line
JESSE,basic chemistry yo got something
SKYLER,um really got ta head home
GUS,may take yes
WALT,wouldnt know
WALT,anyway anyway he insisting
WALT,yeah let see shall put im youre
MIKE,right
SKYLER,took child
MARIE,prepare
GUS,understand problem two employee
WALT,seriously youre bad idea
JESSE,yeah totally kafkaesque
HANK,okay
SKYLER,truth
SKYLER,dont even know say go room ill deal later
MARIE,let em dont care someone walk
WALT,please marie let u help
SKYLER,
SAUL,think bluff want brotherinlaw there gon na parade lawyer creaming underoos case like mean id take wouldnt cause much collateral damage
JESSE,
HANK,hello
WALT,definitely surgery oh christ damn second cell phone mean could possibly
WALT,dont take little break
MARIE,thats skyler told
WALT,back elliott grad school came name schwartz black walter white black white make gray gray matter technology
JESSE,gon na cook house dont shit eat
MIKE,well little hed probably knock everything plus there big nose
SKYLER,thought maybe um there way could help
JESSE,turning money turning get want nothing ever since met everything ever cared gone ruined turned shit dead ever since hooked great heisenberg
JESSE,weird doesnt compute youre like crazy something youve gone crazy depressed im saying thats something need know affect
GUS,three month
WALT,ohyes hi iim sorry ill uh ill right
HANK,bet as cavalry coming
GUS,fancy name fish stew
WALT,ive got coffee coffee tap water beveragewise base covered coffee tap water chaser perhaps
JESSE,dont think matter uh
SAUL,due respect dont see vote vote
SAUL,uh advice thats probably good strategy mean theyre scared right want nothing hit theyre forced hit back hard mean turn every rock hither thither yon someone spill bean andand anyone associated present company included
WALT,well good morning apologize running bit late uh
HANK,back lost trying track former student jesse pinkman know know upon time may uh dealt little weed
WALT,jesse look im fine dont please focus
SAUL,yeah attorneyclient privilege mean thats big one thats something provide give pinkman well youre gon na asking old
JESSE,gon na help
SKYLER,there elliott talking ali macgraw
WALT,oh god led right u
WALT,desired product gas form
JESSE,need ricin
JESSE,combo u man one u mean nothing
WALT,quit parttime job ive got four hour devote every afternoon
SKYLER,walt
JESSE,okay business
HANK,janice im uh im dead water
JESSE,oh im gon na say jack im gon na say plenty
JESSE,im gon na go limb say uh yeah
GUS,oh thank im sorry inconvenience
WALT,telling
JESSE,isnt even seven grand alright guy want eightyfive
MIKE,tihadto nt seepaoninytsign
SKYLER,seems safest way make best bad situation yes
SKYLER,youre home early
GUS,gale good see
SKYLER,okay
SKYLER,
MARIE,thats good keep talking protest struggle
GUS,garlic
HANK,got drink around
JESSE,whaddya think
JESSE,learned rehab accepting really
JESSE,could get
SKYLER,he great
WALT,mention bunsen burner hed go rant didnt actually invent improved easy way kill fifteen minute
MARIE,hi
GUS,called first im interrupting anything
JESSE,im better
SKYLER,bring back
HANK,tried fight el paso gotten worse pinkman thats im supposed thats
WALT,correct sitting stop light minding business man thethe kid threw bag money window
WALT,got destroy evidence got ta rig burn wdo understand
WALT,jesse listen murderer im youre simple
JESSE,yeah vestige
JESSE,yeah
SAUL,hmm gon na two flip coin since genius cant bothered
MARIE,two managed right said elliot gretchens money didnt cover everything
HANK,fight good fight brother
WALT,fit like
HANK,know youre youre foolish know come whats point
JESSE,yeah hed uh hed shoot head yeah hed shoot head
HANK,hey buddy
HANK,almost seven hundred thousand pretty good haul
SKYLER,tell happened wheres hank please need know
JESSE,following airplane crash
SKYLER,absolutely need keep way
WALT,jesse minute late im starting without
JESSE,thats weird
HANK,know enemy
WALT JR,name
JESSE,hey got nothing yo alright call lawyer
SKYLER,try blini caviar little dab creme fraiche oh god mustve eaten thirty sucker
SKYLER,name
JESSE,skinny youre charge supply ill get list
HANK,yeah tell gon na go peek head check stay minute
SKYLER,name
WALT,look didnt give name hank beating senseless he never going talk
JESSE,mr white know two junky duffel bag fulla cash like said woulda dead within week
JESSE,sorry ii
JESSE,jesus martin gon na couple day
WALT,good see
HANK,nah im bed reason
SKYLER,thank
WALT,paid extraordinarily well cant appreciate
WALT,im private domicile wont harassed
SKYLER,kinda feel right know new favorite
WALT,hey
WALT,got old job back
WALT,sure
JESSE,yeah know stuff get spilled
SKYLER,theyll say theyre denying coverage
MARIE,oh youre ted ive heard much thank gift basket thoughtful
SKYLER,im gon na make deal walt wont tell hank child anybody else nobody ever hear grant divorce stay life
MARIE,afraid youll lose
SAUL,tax man he looking see see young fella big fancy house unlimited cash supply job conclusion tax man make
SKYLER,mean negotiated
JESSE,like interesting life uh one day pretty much bleeds next
HANK,christian ortega
SKYLER,seafood table lobster tail crab leg oyster
WALT,want key house
SKYLER,yeah yeah yeah absolutely absolutely fatten baby
MARIE,know screw im gon na make sure get need reimburse later
SAUL,okay let bottom line dont need involved okay ive lot year successfully believe without help
SKYLER,honey want another waffle
JESSE,janes dad
GUS,shake hand
JESSE,hate
MARIE,next week uh thats gon na ive looked sooner physical therapy begin better chance
MARIE,name
HANK,told kid getting doobage
WALT JR,doesnt matter voted law
WALT,well maybe could head turquoise trail stop tinkertown maybe grab lunch madrid
SKYLER,please tell youre taking money
JESSE,
JESSE,like hit bone
SKYLER,investment
SKYLER,think marie know truth
GUS,large investment
JESSE,yeah yeah he cool
SKYLER,im perfectly capable managing small business
GUS,hope like paila marina
JESSE,talking
JESSE,yo somebody got axe use
JESSE,dammit
SAUL,ouch mistake didnt launder money give money thats called placement hand little thing
GUS,good see
SAUL,hey finally went ahead started without
SKYLER,four
SKYLER,youve got nice tulip good baby breath
JESSE,getouttajail free card
SKYLER,thank
JESSE,yo thought gon na see like vagina
JESSE,need help
WALT JR,theyrepreshrunk
GUS,
SKYLER,dont remember asking alright wan na supportive supportive without prying god sake
SKYLER,yeah okay um last thing ill let go
WALT,skyler think weve paying bill last six month
MIKE,shut shut cant im sorry
WALT JR,mom mom put
JESSE,okay
HANK,baby wasnt right thing job im supposed better
WALT JR,hey mom
WALT,would say
WALT,
SKYLER,stop oh god please
WALT,oh water mar
MARIE,trick expression
JESSE,like hurt huh
HANK,exactly supposed make feel better
HANK,im good
MARIE,good good jesus god know im relieved
MARIE,somebody bought
WALT,said maybe maybe bugged
WALT JR,um great dinner mom um excused
JESSE,yes alright livin large playas
WALT,let understand youre turning one half million dollar
MARIE,he gone
WALT,hey
SKYLER,nonono rest look dont go take long bath put fresh sheet bed
WALT,yes may sound unorthodox think first best option jesse pinkman
JESSE,family
JESSE,anyway better
JESSE,hey
HANK,im gon na bet whether get boner there bet bet bet
WALT,well discus later
WALT JR,seriously whawhat kind business
JESSE,howd find
WALT,
SAUL,knew could count boy play nice thats almost brings tear eye
SKYLER,hi whats going
HANK,yeah well thats rule
SKYLER,im sorry
WALT,exactly
MARIE,wow mouth babe huh
MIKE,dont know barrel leak got something mighty stinky
SAUL,fair enough ill walk process first step something like call money laundering alright take youre money represented say jelly bean
SKYLER,met reserve there still two minute
WALT JR,thank please hand car wash professional day
HANK,thats spirit
SAUL,cant tell mike alright look tell well couldnt live im sorry
WALT,sure
WALT,fine
JESSE,real one
GUS,men outside trusted employee learned intended
MIKE,right give address
SKYLER,safe
HANK,um rv
WALT,absolutely appreciate offer turn insurance came
JESSE,frickin psycho ahh
MARIE,wait till see bedroom em move plasma know thats always wanted get shot get right got new bed
MARIE,want make breakfast
JESSE,heard kinda mom get wasted little kid take care
JESSE,
WALT,he still son mean remain
HANK,yes
SKYLER,yeah let sit
JESSE,
SKYLER,want help bad thing
JESSE,yeah yeah
SKYLER,whats name qualification walt
HANK,yes sir
JESSE,hell yeah im back vengeance nigga got ta make living cousin gone away
WALT,one fine
HANK,howd talk whore working
WALT JR,dunno
WALT JR,shit comeon isthe best wait wait
SKYLER,dont care walt
SKYLER,sixteen year
WALT,home andand needed diaper said id go excuse actually night brought money remember
SKYLER,need mow point id except always throw rock think need new bag
SKYLER,flynn
WALT JR,alright
JESSE,perfect moment drop dead
WALT JR,hang said
SKYLER,god havent forever
WALT,bin packed
MARIE,hey howd go last night
JESSE,know im moving slowly yeah absolutely im gon na need swatter thing come oh yeah okay come
WALT,
JESSE,mean much sold
SKYLER,well he certainly lot safer isnt
SKYLER,supposed compromise care
JESSE,found stuff internet take day kick keep quiet wont ever come back
GUS,wasnt man respect would dealing different way
JESSE,yeah ive heard yknow dont think ridiculous society say beer okay little hit something sweet wrong
WALT JR,uncle hank dead
